window,avg_abs_delta
screening_window,0.5786516853932584
1_month,0.9887640449438202
3_months,2.359550561797753
6_months,3.938202247191011
9_months,5.185393258426966
12_months,6.415730337078652
