window,kappa_totals,kappa_totals_values,kappa_categories,kappa_categories_values,problematic_interventions,avg_abs_delta_totals,status
screening_window,,0.30169819432502143,0.687218506892316,0.6011156252015218,2,0.5786516853932584,FAIL
1_month,0.0,0.5430121135418551,0.7255134548905308,0.6423513868723637,11,0.9887640449438202,FAIL
3_months,0.0,0.44815501263689983,0.6600214874059926,0.5315639473783802,43,2.359550561797753,FAIL
6_months,,0.43287643954731014,0.6013877937233875,0.5062842971431056,60,3.938202247191011,FAIL
9_months,,0.4211287037645358,0.6014977730479683,0.4911790430274975,64,5.185393258426966,FAIL
12_months,,0.3627961468367612,0.595202185706051,0.4529425030550005,67,6.415730337078652,FAIL
