window,avg_abs_delta
screening_window,0.6716417910447762
1_month,1.1492537313432836
3_months,2.1044776119402986
6_months,3.2686567164179103
9_months,4.201492537313433
12_months,5.231343283582089
